food_id,food_name,category,calories_kcal_100g,protein_g_100g,carbs_g_100g,fat_g_100g,fiber_g_100g
F001,Apple,Fruit,52,0.3,13.8,0.2,2.4
F002,Banana,Fruit,89,1.1,22.8,0.3,2.6
F003,Orange,Fruit,47,0.9,11.8,0.1,2.4
F004,Mango,Fruit,60,0.8,15,0.4,1.6
F005,Papaya,Fruit,43,0.5,10.8,0.3,1.7
F006,Pineapple,Fruit,50,0.5,13.1,0.1,1.4
F007,Watermelon,Fruit,30,0.6,7.6,0.2,0.4
F008,Guava,Fruit,68,2.6,14.3,1,5.4
F009,Grapes,Fruit,69,0.7,18.1,0.2,0.9
F010,Pomegranate,Fruit,83,1.7,18.7,1.2,4
F011,Strawberry,Fruit,32,0.7,7.7,0.3,2
F012,Kiwi,Fruit,61,1.1,14.7,0.5,3
F013,Peach,Fruit,39,0.9,9.5,0.3,1.5
F014,Pear,Fruit,57,0.4,15.2,0.1,3.1
F015,Tomato,Vegetable,18,0.9,3.9,0.2,1.2
F016,Potato,Vegetable,77,2,17.5,0.1,2.2
F017,Sweet Potato,Vegetable,86,1.6,20.1,0.1,3
F018,Carrot,Vegetable,41,0.9,9.6,0.2,2.8
F019,Cucumber,Vegetable,15,0.7,3.6,0.1,0.5
F020,Onion,Vegetable,40,1.1,9.3,0.1,1.7
F021,Spinach,Vegetable,23,2.9,3.6,0.4,2.2
F022,Broccoli,Vegetable,34,2.8,6.6,0.4,2.6
F023,Cauliflower,Vegetable,25,1.9,5,0.3,2
F024,Cabbage,Vegetable,25,1.3,5.8,0.1,2.5
F025,Capsicum,Vegetable,31,1,6,0.3,2.1
F026,Beetroot,Vegetable,43,1.6,9.6,0.2,2.8
F027,Green Peas,Vegetable,81,5.4,14.5,0.4,5.7
F028,Corn,Vegetable,86,3.3,18.7,1.4,2
F029,Mushroom,Vegetable,22,3.1,3.3,0.3,1
F030,Rice,Grain,130,2.7,28,0.3,0.4
F031,Brown Rice,Grain,123,2.7,25.6,1,1.6
F032,Basmati Rice,Grain,130,2.7,28.2,0.3,0.4
F033,Chapati,Indian Food,297,9.6,46.4,7.5,11
F034,Roti,Indian Food,297,9.6,46.4,7.5,11
F035,Paratha,Indian Food,320,7,42,13,5
F036,Naan,Indian Food,310,9,52,6,2.5
F037,Poori,Indian Food,330,7,45,14,3
F038,Dosa,Indian Food,168,3.9,29,3.7,1.5
F039,Idli,Indian Food,146,4,28,1,1.5
F040,Vada,Indian Food,290,8,30,15,4
F041,Samosa,Indian Food,308,6,32,17,3
F042,Pakora,Indian Food,280,6,28,15,4
F043,Pav Bhaji,Indian Food,180,5,28,6,5
F044,Biryani,Indian Food,190,6,25,7,2
F045,Dal,Indian Food,116,9,20,0.4,7.9
F046,Rajma,Indian Food,127,8.7,22.8,0.5,6.4
F047,Chole,Indian Food,164,8.9,27.4,2.6,7.6
F048,Paneer,Dairy,265,18.3,6.1,20.8,0
F049,Curd,Dairy,61,3.5,4.7,3.3,0
F050,Milk,Dairy,61,3.2,4.8,3.3,0
F051,Cheese,Dairy,402,25,1.3,33,0
F052,Butter,Dairy,717,0.9,0.1,81.1,0
F053,Egg,Protein,155,13,1.1,11,0
F054,Boiled Egg,Protein,155,13,1.1,11,0
F055,Chicken,Protein,239,27.3,0,13.6,0
F056,Grilled Chicken,Protein,165,31,0,3.6,0
F057,Fish,Protein,206,22,0,12,0
F058,Prawn,Protein,99,24,0.2,0.3,0
F059,Tofu,Protein,76,8,1.9,4.8,0.3
F060,Bread,Bakery,265,9,49,3.2,2.7
F061,Brown Bread,Bakery,247,13,41,4.2,7
F062,Biscuit,Bakery,480,6.5,68,19,2
F063,Cake,Bakery,350,5,50,15,1.5
F064,Donut,Bakery,452,4.9,51,25,2
F065,Pizza,Fast Food,266,11,33,10,2.3
F066,Burger,Fast Food,295,17,24,15,1.5
F067,Sandwich,Fast Food,250,10,30,10,2
F068,French Fries,Fast Food,312,3.4,41,15,3.8
F069,Noodles,Fast Food,138,4.5,25,2.1,1.5
F070,Pasta,Fast Food,157,5.8,30.9,0.9,1.8
F071,Salad,Healthy Food,33,2,6,0.4,2.5
F072,Fruit Salad,Healthy Food,50,0.8,12,0.2,2
F073,Oats,Grain,389,16.9,66.3,6.9,10.6
F074,Cornflakes,Breakfast,357,7.5,84.1,0.4,3
F075,Poha,Indian Food,158,2.9,27,4,1.9
F076,Upma,Indian Food,170,4,25,6,2
F077,Khichdi,Indian Food,140,5,23,3,3.5
F078,Kheer,Indian Food,170,4,25,6,0.5
F079,Gulab Jamun,Indian Sweet,350,5,52,14,1
F080,Rasgulla,Indian Sweet,186,4,38,2,0
F081,Jalebi,Indian Sweet,400,2,75,12,0.5
F082,Lassi,Beverage,78,3,12,2,0
F083,Tea,Beverage,42,0.3,6,1.5,0
F084,Coffee,Beverage,2,0.3,0,0,0
F085,Coconut,Fruit,354,3.3,15.2,33.5,9
F086,Almond,Nuts,579,21.2,21.6,49.9,12.5
F087,Cashew,Nuts,553,18.2,30.2,43.9,3.3
F088,Peanut,Nuts,567,25.8,16.1,49.2,8.5
F089,Walnut,Nuts,654,15.2,13.7,65.2,6.7
F090,Chips,Snack,536,7,53,35,4.8
F091,Popcorn,Snack,387,12.9,77.8,4.5,14.5
F092,Granola,Snack,471,10,64,20,7
F093,Dark Chocolate,Snack,598,7.8,45.9,42.6,10.9
F094,Ice Cream,Dessert,207,3.5,24,11,0
F095,Custard,Dessert,122,3,18,4,0.2
F096,Pancake,Breakfast,227,6,28,10,1
F097,Waffle,Breakfast,291,7.9,32.9,14,1.7
F098,Porridge,Breakfast,71,2.5,12,1.5,1.7
F099,Hummus,Healthy Food,166,7.9,14.3,9.6,6
F100,Vegetable Soup,Healthy Food,40,1.5,6,1,1.5
